<?xml version="1.1" encoding="UTF-8" standalone="yes"?>
<addon id="plugin.video.no-sleep"
       name="[COLOR ghostwhite]No-Sleep[/COLOR]"
       version="1.0"
       provider-name="Walter_White_Media">
  <requires>
    <import addon="xbmc.python" version="2.1.0"/>
	<import addon="script.module.requests" />
  </requires>
  <extension point="xbmc.python.pluginsource"
            library="default.py">
        <provides>video</provides>
  </extension>
  <extension point="xbmc.addon.metadata">
    <summary lang="en">No-Sleep</summary>
    <language>en</language>
    <description lang="en">No-Sleep Official Addon - Supplier of Great Quality and Stable Streams</description>
     <platform>all</platform>
  </extension>
</addon>
